log_file,mode,fdia,type_c,tier1_env,tier2_env,tier1_on,tier2_on,profile,cc_setpoint,n_relay_lines,n_accept,n_reject,accept_rate,median_relay_latency_ms,median_da_latency_ms,median_severity_accepted,median_severity_rejected,paired_controls,pair_policy_accuracy,attack_block_rate,benign_false_block_rate
baseline_t01.log,baseline,False,False,,1,True,True,,,2,2,0,1.0,0.266,0.5405,0.001388,,2,1.0,,0.0
baseline_t02.log,baseline,False,False,,1,True,True,,,2,2,0,1.0,0.278,0.5575,0.001388,,2,1.0,,0.0
baseline_t03.log,baseline,False,False,,1,True,True,,,2,2,0,1.0,0.45299999999999996,0.7695,0.001388,,2,1.0,,0.0
baseline_t04.log,baseline,False,False,,1,True,True,,,2,2,0,1.0,0.3125,0.6265000000000001,0.001388,,2,1.0,,0.0
baseline_t05.log,baseline,False,False,,1,True,True,,,2,2,0,1.0,0.2885,0.5680000000000001,0.001388,,2,1.0,,0.0
baseline_t10_t20_benign_nominal_t001.log,baseline,False,False,0,0,False,False,benign_nominal,1.62,2,2,0,1.0,0.0455,0.6975,,,2,1.0,,0.0
baseline_t10_t20_benign_nominal_t002.log,baseline,False,False,0,0,False,False,benign_nominal,1.62,2,2,0,1.0,0.048,0.3325,,,2,1.0,,0.0
baseline_t10_t20_benign_nominal_t003.log,baseline,False,False,0,0,False,False,benign_nominal,1.62,2,2,0,1.0,0.0495,0.335,,,2,1.0,,0.0
baseline_t10_t20_boundary_safe_both_t001.log,baseline,False,False,0,0,False,False,boundary_safe_both,2.0,2,2,0,1.0,0.0475,0.359,,,2,1.0,,0.0
baseline_t10_t20_boundary_safe_both_t002.log,baseline,False,False,0,0,False,False,boundary_safe_both,2.0,2,2,0,1.0,0.0495,0.3365,,,2,1.0,,0.0
baseline_t10_t20_boundary_safe_both_t003.log,baseline,False,False,0,0,False,False,boundary_safe_both,2.0,2,2,0,1.0,0.047,0.3305,,,2,1.0,,0.0
baseline_t10_t20_boundary_tier2_only_t001.log,baseline,False,False,0,0,False,False,boundary_tier2_only,2.5,2,2,0,1.0,0.045,0.30000000000000004,,,2,1.0,,0.0
baseline_t10_t20_boundary_tier2_only_t002.log,baseline,False,False,0,0,False,False,boundary_tier2_only,2.5,2,2,0,1.0,0.0435,0.3265,,,2,1.0,,0.0
baseline_t10_t20_boundary_tier2_only_t003.log,baseline,False,False,0,0,False,False,boundary_tier2_only,2.5,2,2,0,1.0,0.0445,0.377,,,2,1.0,,0.0
baseline_t10_t21_benign_nominal_t001.log,baseline,False,False,0,1,False,True,benign_nominal,1.62,2,2,0,1.0,0.28,0.9665,0.001388,,2,1.0,,0.0
baseline_t10_t21_benign_nominal_t002.log,baseline,False,False,0,1,False,True,benign_nominal,1.62,2,2,0,1.0,0.2945,0.589,0.001388,,2,1.0,,0.0
baseline_t10_t21_benign_nominal_t003.log,baseline,False,False,0,1,False,True,benign_nominal,1.62,2,2,0,1.0,0.24,0.592,0.001388,,2,1.0,,0.0
baseline_t10_t21_boundary_safe_both_t001.log,baseline,False,False,0,1,False,True,boundary_safe_both,2.0,2,2,0,1.0,0.283,0.642,0.051364,,2,1.0,,0.0
baseline_t10_t21_boundary_safe_both_t002.log,baseline,False,False,0,1,False,True,boundary_safe_both,2.0,2,2,0,1.0,0.26549999999999996,0.565,0.051364,,2,1.0,,0.0
baseline_t10_t21_boundary_safe_both_t003.log,baseline,False,False,0,1,False,True,boundary_safe_both,2.0,2,2,0,1.0,0.252,0.499,0.051364,,2,1.0,,0.0
baseline_t10_t21_boundary_tier2_only_t001.log,baseline,False,False,0,1,False,True,boundary_tier2_only,2.5,2,0,2,0.0,0.29700000000000004,0.632,,0.120776,2,0.0,,1.0
baseline_t10_t21_boundary_tier2_only_t002.log,baseline,False,False,0,1,False,True,boundary_tier2_only,2.5,2,0,2,0.0,0.249,0.81,,0.120776,2,0.0,,1.0
baseline_t10_t21_boundary_tier2_only_t003.log,baseline,False,False,0,1,False,True,boundary_tier2_only,2.5,2,0,2,0.0,0.244,0.494,,0.120776,2,0.0,,1.0
baseline_t11_t20_benign_nominal_t001.log,baseline,False,False,1,0,True,False,benign_nominal,1.62,2,2,0,1.0,0.049,0.3035,,,2,1.0,,0.0
baseline_t11_t20_benign_nominal_t002.log,baseline,False,False,1,0,True,False,benign_nominal,1.62,2,2,0,1.0,0.0485,0.531,,,2,1.0,,0.0
baseline_t11_t20_benign_nominal_t003.log,baseline,False,False,1,0,True,False,benign_nominal,1.62,2,2,0,1.0,0.0485,0.33499999999999996,,,2,1.0,,0.0
baseline_t11_t20_boundary_safe_both_t001.log,baseline,False,False,1,0,True,False,boundary_safe_both,2.0,2,2,0,1.0,0.0505,0.35250000000000004,,,2,1.0,,0.0
baseline_t11_t20_boundary_safe_both_t002.log,baseline,False,False,1,0,True,False,boundary_safe_both,2.0,2,2,0,1.0,0.0485,0.2855,,,2,1.0,,0.0
baseline_t11_t20_boundary_safe_both_t003.log,baseline,False,False,1,0,True,False,boundary_safe_both,2.0,2,2,0,1.0,0.0455,0.4215,,,2,1.0,,0.0
baseline_t11_t20_boundary_tier2_only_t001.log,baseline,False,False,1,0,True,False,boundary_tier2_only,2.5,2,2,0,1.0,0.057999999999999996,0.601,,,2,1.0,,0.0
baseline_t11_t20_boundary_tier2_only_t002.log,baseline,False,False,1,0,True,False,boundary_tier2_only,2.5,2,2,0,1.0,0.055,0.336,,,2,1.0,,0.0
baseline_t11_t20_boundary_tier2_only_t003.log,baseline,False,False,1,0,True,False,boundary_tier2_only,2.5,2,2,0,1.0,0.0525,0.6755,,,2,1.0,,0.0
baseline_t11_t21_benign_nominal_t001.log,baseline,False,False,1,1,True,True,benign_nominal,1.62,2,2,0,1.0,0.23600000000000002,0.504,0.001388,,2,1.0,,0.0
baseline_t11_t21_benign_nominal_t002.log,baseline,False,False,1,1,True,True,benign_nominal,1.62,2,2,0,1.0,0.2455,0.493,0.001388,,2,1.0,,0.0
baseline_t11_t21_benign_nominal_t003.log,baseline,False,False,1,1,True,True,benign_nominal,1.62,2,2,0,1.0,0.244,0.5335,0.001388,,2,1.0,,0.0
baseline_t11_t21_boundary_safe_both_t001.log,baseline,False,False,1,1,True,True,boundary_safe_both,2.0,2,2,0,1.0,0.28900000000000003,0.937,0.051364,,2,1.0,,0.0
baseline_t11_t21_boundary_safe_both_t002.log,baseline,False,False,1,1,True,True,boundary_safe_both,2.0,2,2,0,1.0,0.243,0.646,0.051364,,2,1.0,,0.0
baseline_t11_t21_boundary_safe_both_t003.log,baseline,False,False,1,1,True,True,boundary_safe_both,2.0,2,2,0,1.0,0.39749999999999996,0.7869999999999999,0.051364,,2,1.0,,0.0
baseline_t11_t21_boundary_tier2_only_t001.log,baseline,False,False,1,1,True,True,boundary_tier2_only,2.5,2,0,2,0.0,0.2685,0.5409999999999999,,0.120776,2,0.0,,1.0
baseline_t11_t21_boundary_tier2_only_t002.log,baseline,False,False,1,1,True,True,boundary_tier2_only,2.5,2,0,2,0.0,0.2545,0.5409999999999999,,0.120776,2,0.0,,1.0
baseline_t11_t21_boundary_tier2_only_t003.log,baseline,False,False,1,1,True,True,boundary_tier2_only,2.5,2,0,2,0.0,0.35100000000000003,0.6735,,0.120776,2,0.0,,1.0
combined_t01.log,combined,True,True,,1,True,True,,,2,0,2,0.0,0.026000000000000002,0.27949999999999997,,,2,1.0,1.0,
combined_t02.log,combined,True,True,,1,True,True,,,2,0,2,0.0,0.029,0.318,,,2,1.0,1.0,
combined_t03.log,combined,True,True,,1,True,True,,,2,0,2,0.0,0.035,0.333,,,2,1.0,1.0,
combined_t04.log,combined,True,True,,1,True,True,,,2,0,2,0.0,0.028,0.3765,,,2,1.0,1.0,
combined_t05.log,combined,True,True,,1,True,True,,,2,0,2,0.0,0.025500000000000002,0.28400000000000003,,,2,1.0,1.0,
combined_t10_t20_benign_nominal_t001.log,combined,True,True,0,0,False,False,benign_nominal,1.62,2,2,0,1.0,0.046,0.33599999999999997,,,2,0.0,0.0,
combined_t10_t20_benign_nominal_t002.log,combined,True,True,0,0,False,False,benign_nominal,1.62,2,2,0,1.0,0.0485,0.4185,,,2,0.0,0.0,
combined_t10_t20_benign_nominal_t003.log,combined,True,True,0,0,False,False,benign_nominal,1.62,2,2,0,1.0,0.05,0.7255,,,2,0.0,0.0,
combined_t10_t20_boundary_safe_both_t001.log,combined,True,True,0,0,False,False,boundary_safe_both,2.0,2,2,0,1.0,0.05,0.39449999999999996,,,2,0.0,0.0,
combined_t10_t20_boundary_safe_both_t002.log,combined,True,True,0,0,False,False,boundary_safe_both,2.0,2,2,0,1.0,0.054,0.392,,,2,0.0,0.0,
combined_t10_t20_boundary_safe_both_t003.log,combined,True,True,0,0,False,False,boundary_safe_both,2.0,2,2,0,1.0,0.054000000000000006,0.384,,,2,0.0,0.0,
combined_t10_t20_boundary_tier2_only_t001.log,combined,True,True,0,0,False,False,boundary_tier2_only,2.5,2,2,0,1.0,0.0475,0.6950000000000001,,,2,0.0,0.0,
combined_t10_t20_boundary_tier2_only_t002.log,combined,True,True,0,0,False,False,boundary_tier2_only,2.5,2,2,0,1.0,0.0505,0.406,,,2,0.0,0.0,
combined_t10_t20_boundary_tier2_only_t003.log,combined,True,True,0,0,False,False,boundary_tier2_only,2.5,2,2,0,1.0,0.052500000000000005,0.395,,,2,0.0,0.0,
combined_t10_t21_benign_nominal_t001.log,combined,True,True,0,1,False,True,benign_nominal,1.62,2,0,2,0.0,0.28200000000000003,0.7785,,0.884301,2,1.0,1.0,
combined_t10_t21_benign_nominal_t002.log,combined,True,True,0,1,False,True,benign_nominal,1.62,2,0,2,0.0,0.2455,0.5035000000000001,,0.884301,2,1.0,1.0,
combined_t10_t21_benign_nominal_t003.log,combined,True,True,0,1,False,True,benign_nominal,1.62,2,0,2,0.0,0.265,1.2325,,0.884301,2,1.0,1.0,
combined_t10_t21_boundary_safe_both_t001.log,combined,True,True,0,1,False,True,boundary_safe_both,2.0,2,0,2,0.0,0.29700000000000004,0.9125000000000001,,0.884301,2,1.0,1.0,
combined_t10_t21_boundary_safe_both_t002.log,combined,True,True,0,1,False,True,boundary_safe_both,2.0,2,0,2,0.0,0.26449999999999996,3.0905,,0.884301,2,1.0,1.0,
combined_t10_t21_boundary_safe_both_t003.log,combined,True,True,0,1,False,True,boundary_safe_both,2.0,2,0,2,0.0,0.28300000000000003,1.6785,,0.884301,2,1.0,1.0,
combined_t10_t21_boundary_tier2_only_t001.log,combined,True,True,0,1,False,True,boundary_tier2_only,2.5,2,0,2,0.0,0.259,0.6835,,0.884301,2,1.0,1.0,
combined_t10_t21_boundary_tier2_only_t002.log,combined,True,True,0,1,False,True,boundary_tier2_only,2.5,2,0,2,0.0,0.3175,1.0354999999999999,,0.884301,2,1.0,1.0,
combined_t10_t21_boundary_tier2_only_t003.log,combined,True,True,0,1,False,True,boundary_tier2_only,2.5,2,0,2,0.0,0.323,0.6945,,0.884301,2,1.0,1.0,
combined_t11_t20_benign_nominal_t001.log,combined,True,True,1,0,True,False,benign_nominal,1.62,2,0,2,0.0,0.0485,0.361,,,2,1.0,1.0,
combined_t11_t20_benign_nominal_t002.log,combined,True,True,1,0,True,False,benign_nominal,1.62,2,0,2,0.0,0.05,0.522,,,2,1.0,1.0,
combined_t11_t20_benign_nominal_t003.log,combined,True,True,1,0,True,False,benign_nominal,1.62,2,0,2,0.0,0.0505,0.4265,,,2,1.0,1.0,
combined_t11_t20_boundary_safe_both_t001.log,combined,True,True,1,0,True,False,boundary_safe_both,2.0,2,0,2,0.0,0.051000000000000004,0.37949999999999995,,,2,1.0,1.0,
combined_t11_t20_boundary_safe_both_t002.log,combined,True,True,1,0,True,False,boundary_safe_both,2.0,2,0,2,0.0,0.0445,0.361,,,2,1.0,1.0,
combined_t11_t20_boundary_safe_both_t003.log,combined,True,True,1,0,True,False,boundary_safe_both,2.0,2,0,2,0.0,0.0445,0.33599999999999997,,,2,1.0,1.0,
combined_t11_t20_boundary_tier2_only_t001.log,combined,True,True,1,0,True,False,boundary_tier2_only,2.5,2,0,2,0.0,0.051500000000000004,0.3705,,,2,1.0,1.0,
combined_t11_t20_boundary_tier2_only_t002.log,combined,True,True,1,0,True,False,boundary_tier2_only,2.5,2,0,2,0.0,0.052500000000000005,0.52,,,2,1.0,1.0,
combined_t11_t20_boundary_tier2_only_t003.log,combined,True,True,1,0,True,False,boundary_tier2_only,2.5,2,0,2,0.0,0.05,0.643,,,2,1.0,1.0,
combined_t11_t21_benign_nominal_t001.log,combined,True,True,1,1,True,True,benign_nominal,1.62,2,0,2,0.0,0.0485,0.378,,,2,1.0,1.0,
combined_t11_t21_benign_nominal_t002.log,combined,True,True,1,1,True,True,benign_nominal,1.62,2,0,2,0.0,0.0435,0.43,,,2,1.0,1.0,
combined_t11_t21_benign_nominal_t003.log,combined,True,True,1,1,True,True,benign_nominal,1.62,2,0,2,0.0,0.042499999999999996,0.361,,,2,1.0,1.0,
combined_t11_t21_boundary_safe_both_t001.log,combined,True,True,1,1,True,True,boundary_safe_both,2.0,2,0,2,0.0,0.051500000000000004,0.6375,,,2,1.0,1.0,
combined_t11_t21_boundary_safe_both_t002.log,combined,True,True,1,1,True,True,boundary_safe_both,2.0,2,0,2,0.0,0.0495,0.47,,,2,1.0,1.0,
combined_t11_t21_boundary_safe_both_t003.log,combined,True,True,1,1,True,True,boundary_safe_both,2.0,2,0,2,0.0,0.0505,0.3705,,,2,1.0,1.0,
combined_t11_t21_boundary_tier2_only_t001.log,combined,True,True,1,1,True,True,boundary_tier2_only,2.5,2,0,2,0.0,0.052000000000000005,0.393,,,2,1.0,1.0,
combined_t11_t21_boundary_tier2_only_t002.log,combined,True,True,1,1,True,True,boundary_tier2_only,2.5,2,0,2,0.0,0.045,0.35150000000000003,,,2,1.0,1.0,
combined_t11_t21_boundary_tier2_only_t003.log,combined,True,True,1,1,True,True,boundary_tier2_only,2.5,2,0,2,0.0,0.045,0.3935,,,2,1.0,1.0,
fdia_only_t01.log,fdia_only,True,False,,1,True,True,,,2,2,0,1.0,0.435,0.6855,0.001388,,2,1.0,,0.0
fdia_only_t02.log,fdia_only,True,False,,1,True,True,,,2,2,0,1.0,0.263,0.5495,0.001388,,2,1.0,,0.0
fdia_only_t03.log,fdia_only,True,False,,1,True,True,,,2,2,0,1.0,0.28700000000000003,0.5549999999999999,0.001388,,2,1.0,,0.0
fdia_only_t04.log,fdia_only,True,False,,1,True,True,,,2,2,0,1.0,0.2645,0.5675,0.001388,,2,1.0,,0.0
fdia_only_t05.log,fdia_only,True,False,,1,True,True,,,2,2,0,1.0,0.30200000000000005,0.6194999999999999,0.001388,,2,1.0,,0.0
fdia_only_t10_t20_benign_nominal_t001.log,fdia_only,True,False,0,0,False,False,benign_nominal,1.62,2,2,0,1.0,0.0475,0.5780000000000001,,,2,1.0,,0.0
fdia_only_t10_t20_benign_nominal_t002.log,fdia_only,True,False,0,0,False,False,benign_nominal,1.62,2,2,0,1.0,0.051500000000000004,0.40049999999999997,,,2,1.0,,0.0
fdia_only_t10_t20_benign_nominal_t003.log,fdia_only,True,False,0,0,False,False,benign_nominal,1.62,2,2,0,1.0,0.0505,0.405,,,2,1.0,,0.0
fdia_only_t10_t20_boundary_safe_both_t001.log,fdia_only,True,False,0,0,False,False,boundary_safe_both,2.0,2,2,0,1.0,0.0485,0.37150000000000005,,,2,1.0,,0.0
fdia_only_t10_t20_boundary_safe_both_t002.log,fdia_only,True,False,0,0,False,False,boundary_safe_both,2.0,2,2,0,1.0,0.047,0.5775,,,2,1.0,,0.0
fdia_only_t10_t20_boundary_safe_both_t003.log,fdia_only,True,False,0,0,False,False,boundary_safe_both,2.0,2,2,0,1.0,0.055499999999999994,0.443,,,2,1.0,,0.0
fdia_only_t10_t20_boundary_tier2_only_t001.log,fdia_only,True,False,0,0,False,False,boundary_tier2_only,2.5,2,2,0,1.0,0.0645,0.6145,,,2,1.0,,0.0
fdia_only_t10_t20_boundary_tier2_only_t002.log,fdia_only,True,False,0,0,False,False,boundary_tier2_only,2.5,2,2,0,1.0,0.05499999999999999,0.379,,,2,1.0,,0.0
fdia_only_t10_t20_boundary_tier2_only_t003.log,fdia_only,True,False,0,0,False,False,boundary_tier2_only,2.5,2,2,0,1.0,0.053500000000000006,1.1225,,,2,1.0,,0.0
fdia_only_t10_t21_benign_nominal_t001.log,fdia_only,True,False,0,1,False,True,benign_nominal,1.62,2,2,0,1.0,0.28600000000000003,0.573,0.001388,,2,1.0,,0.0
fdia_only_t10_t21_benign_nominal_t002.log,fdia_only,True,False,0,1,False,True,benign_nominal,1.62,2,2,0,1.0,0.2595,0.6365000000000001,0.001388,,2,1.0,,0.0
fdia_only_t10_t21_benign_nominal_t003.log,fdia_only,True,False,0,1,False,True,benign_nominal,1.62,2,2,0,1.0,0.2855,0.595,0.001388,,2,1.0,,0.0
fdia_only_t10_t21_boundary_safe_both_t001.log,fdia_only,True,False,0,1,False,True,boundary_safe_both,2.0,2,2,0,1.0,0.26649999999999996,0.656,0.051364,,2,1.0,,0.0
fdia_only_t10_t21_boundary_safe_both_t002.log,fdia_only,True,False,0,1,False,True,boundary_safe_both,2.0,2,2,0,1.0,0.2955,0.6875,0.051364,,2,1.0,,0.0
fdia_only_t10_t21_boundary_safe_both_t003.log,fdia_only,True,False,0,1,False,True,boundary_safe_both,2.0,2,2,0,1.0,0.25849999999999995,0.8200000000000001,0.051364,,2,1.0,,0.0
fdia_only_t10_t21_boundary_tier2_only_t001.log,fdia_only,True,False,0,1,False,True,boundary_tier2_only,2.5,2,0,2,0.0,0.28400000000000003,0.5745,,0.120776,2,0.0,,1.0
fdia_only_t10_t21_boundary_tier2_only_t002.log,fdia_only,True,False,0,1,False,True,boundary_tier2_only,2.5,2,0,2,0.0,0.5015000000000001,0.8005,,0.120776,2,0.0,,1.0
fdia_only_t10_t21_boundary_tier2_only_t003.log,fdia_only,True,False,0,1,False,True,boundary_tier2_only,2.5,2,0,2,0.0,0.41100000000000003,0.873,,0.120776,2,0.0,,1.0
fdia_only_t11_t20_benign_nominal_t001.log,fdia_only,True,False,1,0,True,False,benign_nominal,1.62,2,2,0,1.0,0.0495,0.30400000000000005,,,2,1.0,,0.0
fdia_only_t11_t20_benign_nominal_t002.log,fdia_only,True,False,1,0,True,False,benign_nominal,1.62,2,2,0,1.0,0.0475,0.3155,,,2,1.0,,0.0
fdia_only_t11_t20_benign_nominal_t003.log,fdia_only,True,False,1,0,True,False,benign_nominal,1.62,2,2,0,1.0,0.058499999999999996,0.427,,,2,1.0,,0.0
fdia_only_t11_t20_boundary_safe_both_t001.log,fdia_only,True,False,1,0,True,False,boundary_safe_both,2.0,2,2,0,1.0,0.059,0.378,,,2,1.0,,0.0
fdia_only_t11_t20_boundary_safe_both_t002.log,fdia_only,True,False,1,0,True,False,boundary_safe_both,2.0,2,2,0,1.0,0.06,0.3785,,,2,1.0,,0.0
fdia_only_t11_t20_boundary_safe_both_t003.log,fdia_only,True,False,1,0,True,False,boundary_safe_both,2.0,2,2,0,1.0,0.06,0.371,,,2,1.0,,0.0
fdia_only_t11_t20_boundary_tier2_only_t001.log,fdia_only,True,False,1,0,True,False,boundary_tier2_only,2.5,2,2,0,1.0,0.069,0.38349999999999995,,,2,1.0,,0.0
fdia_only_t11_t20_boundary_tier2_only_t002.log,fdia_only,True,False,1,0,True,False,boundary_tier2_only,2.5,2,2,0,1.0,0.064,0.4165,,,2,1.0,,0.0
fdia_only_t11_t20_boundary_tier2_only_t003.log,fdia_only,True,False,1,0,True,False,boundary_tier2_only,2.5,2,2,0,1.0,0.06,0.377,,,2,1.0,,0.0
fdia_only_t11_t21_benign_nominal_t001.log,fdia_only,True,False,1,1,True,True,benign_nominal,1.62,2,2,0,1.0,0.29600000000000004,0.5885,0.001388,,2,1.0,,0.0
fdia_only_t11_t21_benign_nominal_t002.log,fdia_only,True,False,1,1,True,True,benign_nominal,1.62,2,2,0,1.0,0.2475,0.5025,0.001388,,2,1.0,,0.0
fdia_only_t11_t21_benign_nominal_t003.log,fdia_only,True,False,1,1,True,True,benign_nominal,1.62,2,2,0,1.0,0.247,0.6375,0.001388,,2,1.0,,0.0
fdia_only_t11_t21_boundary_safe_both_t001.log,fdia_only,True,False,1,1,True,True,boundary_safe_both,2.0,2,2,0,1.0,0.306,0.9255,0.051364,,2,1.0,,0.0
fdia_only_t11_t21_boundary_safe_both_t002.log,fdia_only,True,False,1,1,True,True,boundary_safe_both,2.0,2,2,0,1.0,0.2435,0.499,0.051364,,2,1.0,,0.0
fdia_only_t11_t21_boundary_safe_both_t003.log,fdia_only,True,False,1,1,True,True,boundary_safe_both,2.0,2,2,0,1.0,0.252,0.53,0.051364,,2,1.0,,0.0
fdia_only_t11_t21_boundary_tier2_only_t001.log,fdia_only,True,False,1,1,True,True,boundary_tier2_only,2.5,2,0,2,0.0,0.2985,0.6234999999999999,,0.120776,2,0.0,,1.0
fdia_only_t11_t21_boundary_tier2_only_t002.log,fdia_only,True,False,1,1,True,True,boundary_tier2_only,2.5,2,0,2,0.0,0.245,0.5085,,0.120776,2,0.0,,1.0
fdia_only_t11_t21_boundary_tier2_only_t003.log,fdia_only,True,False,1,1,True,True,boundary_tier2_only,2.5,2,0,2,0.0,0.26249999999999996,0.876,,0.120776,2,0.0,,1.0
typec_only_t01.log,typec_only,False,True,,1,True,True,,,2,0,2,0.0,0.0265,0.298,,,2,1.0,1.0,
typec_only_t02.log,typec_only,False,True,,1,True,True,,,2,0,2,0.0,0.028,0.34450000000000003,,,2,1.0,1.0,
typec_only_t03.log,typec_only,False,True,,1,True,True,,,2,0,2,0.0,0.028,0.3165,,,2,1.0,1.0,
typec_only_t04.log,typec_only,False,True,,1,True,True,,,2,0,2,0.0,0.0275,0.3205,,,2,1.0,1.0,
typec_only_t05.log,typec_only,False,True,,1,True,True,,,2,0,2,0.0,0.03,0.3375,,,2,1.0,1.0,
typec_only_t10_t20_benign_nominal_t001.log,typec_only,False,True,0,0,False,False,benign_nominal,1.62,2,2,0,1.0,0.046,0.347,,,2,0.0,0.0,
typec_only_t10_t20_benign_nominal_t002.log,typec_only,False,True,0,0,False,False,benign_nominal,1.62,2,2,0,1.0,0.0525,0.646,,,2,0.0,0.0,
typec_only_t10_t20_benign_nominal_t003.log,typec_only,False,True,0,0,False,False,benign_nominal,1.62,2,2,0,1.0,0.054000000000000006,0.3815,,,2,0.0,0.0,
typec_only_t10_t20_boundary_safe_both_t001.log,typec_only,False,True,0,0,False,False,boundary_safe_both,2.0,2,2,0,1.0,0.0645,0.414,,,2,0.0,0.0,
typec_only_t10_t20_boundary_safe_both_t002.log,typec_only,False,True,0,0,False,False,boundary_safe_both,2.0,2,2,0,1.0,0.045,0.6385,,,2,0.0,0.0,
typec_only_t10_t20_boundary_safe_both_t003.log,typec_only,False,True,0,0,False,False,boundary_safe_both,2.0,2,2,0,1.0,0.047,1.029,,,2,0.0,0.0,
typec_only_t10_t20_boundary_tier2_only_t001.log,typec_only,False,True,0,0,False,False,boundary_tier2_only,2.5,2,2,0,1.0,0.0645,0.5165,,,2,0.0,0.0,
typec_only_t10_t20_boundary_tier2_only_t002.log,typec_only,False,True,0,0,False,False,boundary_tier2_only,2.5,2,2,0,1.0,0.053000000000000005,0.388,,,2,0.0,0.0,
typec_only_t10_t20_boundary_tier2_only_t003.log,typec_only,False,True,0,0,False,False,boundary_tier2_only,2.5,2,2,0,1.0,0.055499999999999994,0.3855,,,2,0.0,0.0,
typec_only_t10_t21_benign_nominal_t001.log,typec_only,False,True,0,1,False,True,benign_nominal,1.62,2,0,2,0.0,0.2965,1.2534999999999998,,0.884301,2,1.0,1.0,
typec_only_t10_t21_benign_nominal_t002.log,typec_only,False,True,0,1,False,True,benign_nominal,1.62,2,0,2,0.0,0.2505,0.5449999999999999,,0.884301,2,1.0,1.0,
typec_only_t10_t21_benign_nominal_t003.log,typec_only,False,True,0,1,False,True,benign_nominal,1.62,2,0,2,0.0,0.2915,0.843,,0.884301,2,1.0,1.0,
typec_only_t10_t21_boundary_safe_both_t001.log,typec_only,False,True,0,1,False,True,boundary_safe_both,2.0,2,0,2,0.0,0.2625,0.5595,,0.884301,2,1.0,1.0,
typec_only_t10_t21_boundary_safe_both_t002.log,typec_only,False,True,0,1,False,True,boundary_safe_both,2.0,2,0,2,0.0,0.2855,0.6174999999999999,,0.884301,2,1.0,1.0,
typec_only_t10_t21_boundary_safe_both_t003.log,typec_only,False,True,0,1,False,True,boundary_safe_both,2.0,2,0,2,0.0,0.26749999999999996,0.8155,,0.884301,2,1.0,1.0,
typec_only_t10_t21_boundary_tier2_only_t001.log,typec_only,False,True,0,1,False,True,boundary_tier2_only,2.5,2,0,2,0.0,0.2825,0.917,,0.884301,2,1.0,1.0,
typec_only_t10_t21_boundary_tier2_only_t002.log,typec_only,False,True,0,1,False,True,boundary_tier2_only,2.5,2,0,2,0.0,0.2505,0.8005,,0.884301,2,1.0,1.0,
typec_only_t10_t21_boundary_tier2_only_t003.log,typec_only,False,True,0,1,False,True,boundary_tier2_only,2.5,2,0,2,0.0,0.28600000000000003,0.848,,0.884301,2,1.0,1.0,
typec_only_t11_t20_benign_nominal_t001.log,typec_only,False,True,1,0,True,False,benign_nominal,1.62,2,0,2,0.0,0.0505,0.5755,,,2,1.0,1.0,
typec_only_t11_t20_benign_nominal_t002.log,typec_only,False,True,1,0,True,False,benign_nominal,1.62,2,0,2,0.0,0.051000000000000004,0.6565000000000001,,,2,1.0,1.0,
typec_only_t11_t20_benign_nominal_t003.log,typec_only,False,True,1,0,True,False,benign_nominal,1.62,2,0,2,0.0,0.0495,0.644,,,2,1.0,1.0,
typec_only_t11_t20_boundary_safe_both_t001.log,typec_only,False,True,1,0,True,False,boundary_safe_both,2.0,2,0,2,0.0,0.0505,0.3775,,,2,1.0,1.0,
typec_only_t11_t20_boundary_safe_both_t002.log,typec_only,False,True,1,0,True,False,boundary_safe_both,2.0,2,0,2,0.0,0.049,0.493,,,2,1.0,1.0,
typec_only_t11_t20_boundary_safe_both_t003.log,typec_only,False,True,1,0,True,False,boundary_safe_both,2.0,2,0,2,0.0,0.049,0.4065,,,2,1.0,1.0,
typec_only_t11_t20_boundary_tier2_only_t001.log,typec_only,False,True,1,0,True,False,boundary_tier2_only,2.5,2,0,2,0.0,0.049,0.788,,,2,1.0,1.0,
typec_only_t11_t20_boundary_tier2_only_t002.log,typec_only,False,True,1,0,True,False,boundary_tier2_only,2.5,2,0,2,0.0,0.049,0.624,,,2,1.0,1.0,
typec_only_t11_t20_boundary_tier2_only_t003.log,typec_only,False,True,1,0,True,False,boundary_tier2_only,2.5,2,0,2,0.0,0.041999999999999996,0.49949999999999994,,,2,1.0,1.0,
typec_only_t11_t21_benign_nominal_t001.log,typec_only,False,True,1,1,True,True,benign_nominal,1.62,2,0,2,0.0,0.047,0.347,,,2,1.0,1.0,
typec_only_t11_t21_benign_nominal_t002.log,typec_only,False,True,1,1,True,True,benign_nominal,1.62,2,0,2,0.0,0.0485,0.41700000000000004,,,2,1.0,1.0,
typec_only_t11_t21_benign_nominal_t003.log,typec_only,False,True,1,1,True,True,benign_nominal,1.62,2,0,2,0.0,0.049,0.369,,,2,1.0,1.0,
typec_only_t11_t21_boundary_safe_both_t001.log,typec_only,False,True,1,1,True,True,boundary_safe_both,2.0,2,0,2,0.0,0.0505,0.4445,,,2,1.0,1.0,
typec_only_t11_t21_boundary_safe_both_t002.log,typec_only,False,True,1,1,True,True,boundary_safe_both,2.0,2,0,2,0.0,0.048,0.6955,,,2,1.0,1.0,
typec_only_t11_t21_boundary_safe_both_t003.log,typec_only,False,True,1,1,True,True,boundary_safe_both,2.0,2,0,2,0.0,0.052000000000000005,0.495,,,2,1.0,1.0,
typec_only_t11_t21_boundary_tier2_only_t001.log,typec_only,False,True,1,1,True,True,boundary_tier2_only,2.5,2,0,2,0.0,0.049,0.449,,,2,1.0,1.0,
typec_only_t11_t21_boundary_tier2_only_t002.log,typec_only,False,True,1,1,True,True,boundary_tier2_only,2.5,2,0,2,0.0,0.0515,0.43100000000000005,,,2,1.0,1.0,
typec_only_t11_t21_boundary_tier2_only_t003.log,typec_only,False,True,1,1,True,True,boundary_tier2_only,2.5,2,0,2,0.0,0.0495,0.438,,,2,1.0,1.0,
